{"loss": [1.487494945526123, 0.5067535042762756, 0.30418455600738525, 0.20551736652851105, 0.15186381340026855, 0.11858852952718735, 0.09876101464033127, 0.07932750880718231, 0.07393885403871536, 0.06051579862833023], "accuracy": [0.5656448006629944, 0.8404154181480408, 0.9017142057418823, 0.9334234595298767, 0.9495981335639954, 0.9602959156036377, 0.9684472680091858, 0.9737392663955688, 0.9767550826072693, 0.9807098507881165], "val_loss": [0.6096835136413574, 0.33525243401527405, 0.2389569878578186, 0.18488004803657532, 0.15537285804748535, 0.2889251410961151, 0.14863274991512299, 0.11833031475543976, 0.14889059960842133, 0.16075408458709717], "val_accuracy": [0.8177782893180847, 0.8898816108703613, 0.9203847050666809, 0.938197135925293, 0.9492943286895752, 0.9088322520256042, 0.9527088403701782, 0.9622695446014404, 0.9554973840713501, 0.9544730186462402]}